{
  "eye": {
    "orientation": [
      -0.3090348541736603,
      -0.03273634985089302,
      -0.030987685546278954,
      0.9499819278717041
    ],
    "magnitude": 0.5773502588272095,
    "position": [
      -218.818359375,
      3000.231689453125,
      4125.5615234375
    ]
  },
  "paths": [],
  "ortho": false,
  "radius": 2500,
  "visualHints": 1
}