{
  "eye": {
    "orientation": [
      -0.3826834261417389,
      0,
      0,
      0.9238795638084412
    ],
    "magnitude": 0.5773502588272095,
    "position": [
      0,
      3000,
      3000
    ]
  },
  "paths": [],
  "ortho": false,
  "radius": 2500,
  "visualHints": 1
}