{
  "eye": {
    "orientation": [
      -0.3826834559440613,
      0,
      0,
      0.9238795638084412
    ],
    "magnitude": 0.5773502588272095,
    "position": [
      0,
      2500,
      2500
    ]
  },
  "paths": [],
  "ortho": false,
  "radius": 2500,
  "visualHints": 1
}