{
  "eye": {
    "orientation": [
      -0.437889963388443,
      0.0014431644231081009,
      -0.014536996372044086,
      0.898909866809845
    ],
    "magnitude": 0.5773502588272095,
    "position": [
      77.49223327636719,
      3939.702880859375,
      3077.78125
    ]
  },
  "paths": [],
  "ortho": false,
  "radius": 2500,
  "visualHints": 1
}