{
  "eye": {
    "orientation": [
      -0.3692995309829712,
      0.1554868519306183,
      -0.08600667864084244,
      0.9121648073196411
    ],
    "magnitude": 0.5773502588272095,
    "position": [
      867.363037109375,
      1607.4571533203125,
      1706.968994140625
    ]
  },
  "paths": [],
  "ortho": false,
  "radius": 1250,
  "visualHints": 1
}