{
  "eye": {
    "orientation": [
      -0.4955284893512726,
      0.013488473370671272,
      -0.022566454485058784,
      0.8681937456130981
    ],
    "magnitude": 0.5773502588272095,
    "position": [
      226.78749084472656,
      4294.6962890625,
      2550.328857421875
    ]
  },
  "paths": [],
  "ortho": false,
  "radius": 2500,
  "visualHints": 1
}