{
  "eye": {
    "orientation": [
      -0.382614403963089,
      -0.007271916139870882,
      -0.017555950209498405,
      0.9237127304077148
    ],
    "magnitude": 0.5773502588272095,
    "position": [
      0,
      2500,
      2500
    ]
  },
  "paths": [],
  "ortho": false,
  "radius": 2500,
  "visualHints": 1
}