{
  "eye": {
    "orientation": [
      -0.6481091976165771,
      0.07129734754562378,
      -0.05991097912192345,
      0.7558318376541138
    ],
    "magnitude": 0.5773502588272095,
    "position": [
      952.8021850585938,
      4851.1201171875,
      747.443115234375
    ]
  },
  "paths": [],
  "ortho": false,
  "radius": 2500,
  "visualHints": 1
}