{
  "eye": {
    "orientation": [
      -0.49758005142211914,
      8.496521040797234E-4,
      0.0014811711153015494,
      0.8674164414405823
    ],
    "magnitude": 0.5773502588272095,
    "position": [
      0,
      4291.43701171875,
      2509.70849609375
    ]
  },
  "paths": [],
  "ortho": false,
  "radius": 2500,
  "visualHints": 1
}