{
  "eye": {
    "orientation": [
      -0.38418474793434143,
      0.017140723764896393,
      -0.01400805450975895,
      0.9229908585548401
    ],
    "magnitude": 0.5773502588272095,
    "position": [
      232.8406219482422,
      3543.935791015625,
      3519.419189453125
    ]
  },
  "paths": [],
  "ortho": false,
  "radius": 2500,
  "visualHints": 1
}