{
  "eye": {
    "orientation": [
      -0.2836818993091583,
      0.30807778239250183,
      0.0336834117770195,
      0.9074569344520569
    ],
    "magnitude": 0.5773502588272095,
    "position": [
      628.8935546875,
      643.565673828125,
      759.58935546875
    ]
  },
  "paths": [],
  "ortho": false,
  "radius": 1250,
  "visualHints": 1
}