{
  "eye": {
    "orientation": [
      -0.714142918586731,
      0.027524739503860474,
      -0.05644257366657257,
      0.697177529335022
    ],
    "magnitude": 0.5773502588272095,
    "position": [
      475.73443603515625,
      2989.99658203125,
      171.85992431640625
    ]
  },
  "paths": [],
  "ortho": false,
  "radius": 1000,
  "visualHints": 3
}